sample_id,label,measure,dat,quang,agree
BDD09,frame,tag,1,1,1
BDD09,frame,attr:ego_signal,none,none,1
BDD09,traffic_light,count,0,0,1
BDD13,frame,tag,1,1,1
BDD13,frame,attr:ego_signal,out_of_view,out_of_view,1
BDD13,traffic_light,count,0,0,1
BDD15,frame,tag,1,1,1
BDD15,frame,attr:ego_signal,visible,visible,1
BDD15,traffic_light,count,1,1,1
BDD15,traffic_light,attr:relevance,unknown,unknown,1
BDD15,traffic_light,attr:state,red,red,1
BDD17,frame,tag,1,1,1
BDD17,frame,attr:ego_signal,visible,visible,1
BDD17,traffic_light,count,1,1,1
BDD17,traffic_light,attr:relevance,ego,ego,1
BDD17,traffic_light,attr:state,red,red,1
BDD18,frame,tag,1,1,1
BDD18,frame,attr:ego_signal,escalate,out_of_view,0
BDD18,traffic_light,count,1,0,0
BDD18,traffic_light,attr:relevance,unknown,,0
BDD18,traffic_light,attr:state,unknown,,0
BDD25,frame,tag,1,1,1
BDD25,frame,attr:ego_signal,visible,visible,1
BDD25,traffic_light,count,2,2,1
BDD25,traffic_light,attr:relevance,ego|other,ego|ego,0
BDD25,traffic_light,attr:state,green|green,green|green,1
LISA30,frame,tag,1,1,1
LISA30,frame,attr:ego_signal,visible,visible,1
LISA30,traffic_light,count,2,2,1
LISA30,traffic_light,attr:relevance,ego|ego,ego|ego,1
LISA30,traffic_light,attr:state,green|green,green|green,1
