sample_id,decision_id,expected,severity,kind,peer_evidence,correct,note
BDD07,d1,traffic_light [relevance=ego;state=green]×2 (đầu đèn trên cần vươn trái ~236;142 và phải ~682;158),major,decision,traffic_light [relevance=ego;state=green]×2 | traffic_light [relevance=ego;state=unknown]×2,1,Hai đầu đèn mục tiêu đều được gắn green/ego; box thừa được chấm ở d2.
BDD07,d2,IGNORE: tổng traffic_light = 2 — không box 2 vỏ quay ngang cạnh mỗi đầu đèn; 2 hộp đèn đi bộ (~40;220 và ~935;230); đèn tí hon ~600;230,major,decision,traffic_light [relevance=ego;state=green]×2 | traffic_light [relevance=ego;state=unknown]×2,0,Export có 4 box; hai box extra state=unknown/relevance=ego tại khoảng x492 và x599, không đạt rule 1/3.
BDD07,d3,IGNORE: không box bóng đèn phản chiếu trên capo (~245;625 và ~695;600),minor,decision,traffic_light [relevance=ego;state=green]×2 | traffic_light [relevance=ego;state=unknown]×2,1,Không có box phản chiếu trên capo.
BDD07,d4,frame [ego_signal=visible],minor,decision,traffic_light [relevance=ego;state=green]×2 | traffic_light [relevance=ego;state=unknown]×2,0,Export không có tag frame trên BDD07.
BDD07,g1,geometry: đầu đèn trái box ≈ x230–240 y126–158 ôm vỏ mặt trước; không gồm vỏ quay ngang bên phải và cần treo; mỗi cạnh lệch ≤ 5 px,minor,geometry,traffic_light [relevance=ego;state=green]×2 | traffic_light [relevance=ego;state=unknown]×2,0,Box trái x226.23–261.18 y123.96–158.92; cạnh phải lệch khoảng 21 px khỏi gold (tolerance 5 px).
BDD26,d1,traffic_light [relevance=ego;state=green] ở đầu đèn gần trên cột dải phân cách (~487;71) và không có box relevance=ego nào mang red/yellow,critical,decision,traffic_light [relevance=ego;state=green],1,Đầu đèn gần được gắn green/ego và không có box ego red/yellow.
BDD26,d2,IGNORE: không box các đốm đỏ/vàng xa gần điểm tụ (~632;222 và ~667;217),major,decision,traffic_light [relevance=ego;state=green],1,Không có box cho các đốm đỏ/vàng xa.
BDD26,d3,IGNORE: đốm cam hình bàn tay dưới đèn xanh (~437;118) không có box traffic_light,major,decision,traffic_light [relevance=ego;state=green],1,Không có box cho đèn đi bộ hình bàn tay.
BDD26,d4,frame [ego_signal=visible],minor,decision,traffic_light [relevance=ego;state=green],0,Export không có tag frame trên BDD26.
BDD21,d1,traffic_light [relevance=ego;state=green] ở đầu đèn trên cần vươn giữa (~336;295) và không có box relevance=ego nào mang red/yellow,critical,decision,traffic_light [relevance=ego;state=green]×2,1,Đầu đèn giữa được gắn green/ego; không có box ego red/yellow.
BDD21,d2,Tổng số box relevance=ego = 1 — đèn xanh tí hon bên trái (~226;320) và vật đỏ sau tán cây bên phải (~1150–1210;313) không mang relevance=ego,major,decision,traffic_light [relevance=ego;state=green]×2,0,Export có thêm box green/ego cho đèn tí hon bên trái, dưới ngưỡng rule 1/3.
BDD21,d3,IGNORE: 2 khối vàng-cam bên trái (~57;345 và ~75;345) không có box,major,decision,traffic_light [relevance=ego;state=green]×2,1,Không có box cho hai khối vàng-cam bên trái.
BDD21,d4,frame [ego_signal=visible],minor,decision,traffic_light [relevance=ego;state=green]×2,0,Export không có tag frame trên BDD21.
BDD21,g2,geometry: đầu đèn cần vươn box ≈ x331–341 y282–308 ôm vỏ; không gồm cần treo phía trên; mỗi cạnh lệch ≤ 4 px,minor,geometry,traffic_light [relevance=ego;state=green]×2,1,Box mục tiêu x328.85–342.86 y280.83–308.29; mọi cạnh nằm trong tolerance 4 px.
BDD12,d1,0 box traffic_light — đèn đi bộ bàn tay đỏ-cam (~1090;140) và các vỏ quay ngang/lưng cạnh nó không được box,critical,decision,none,1,Không có box traffic_light trên BDD12.
BDD12,d2,frame [ego_signal=out_of_view],major,decision,none,0,Export không có tag frame trên BDD12.
